Game Name,Plays,Persentase,Image
Parkour Block 2,"8,382,574 plays",60%,https://img-hws.y8.com/cloud/v2-y8-thumbs-small-thumbnails-001/143792/small.gif
EvoWars io,"35,652,958 plays",78%,https://img-hws.y8.com/cloud/v2-y8-thumbs-small-thumbnails-001/116137/small.png
Turbo Moto Racer,"22,900,094 plays",81%,https://img-hws.y8.com/cloud/v2-y8-thumbs-small-thumbnails-001/124726/small.gif
Superhero io,"11,797,508 plays",76%,https://img-hws.y8.com/cloud/v2-y8-thumbs-small-thumbnails-001/122557/small.gif
Real Squid 3D,"263,643 plays",58%,https://img-hws.y8.com/cloud/v2-y8-thumbs-small-thumbnails-001/146883/small.gif
8 Ball Pool,"597,496 plays",60%,https://img-hws.y8.com/cloud/v2-y8-thumbs-small-thumbnails-001/143429/small.gif
Hole io,"5,265,165 plays",86%,https://img-hws.y8.com/cloud/v2-y8-thumbs-small-thumbnails-001/126697/small.gif
Sniper Attack,"3,299,583 plays",73%,https://img-hws.y8.com/cloud/v2-y8-thumbs-small-thumbnails-001/128650/small.gif
All-Star Blast!,"30,402 plays",84%,https://img-hws.y8.com/cloud/v2-y8-thumbs-small-thumbnails-001/142418/small.gif
Temple Run 2,"3,070,609 plays",77%,https://img-hws.y8.com/cloud/v2-y8-thumbs-small-thumbnails-001/138603/small.gif
Amogus io,"678,892 plays",67%,https://img-hws.y8.com/cloud/v2-y8-thumbs-small-thumbnails-001/146518/small.gif
Body Race,"1,383,986 plays",58%,https://img-hws.y8.com/cloud/v2-y8-thumbs-small-thumbnails-001/147490/small.gif
Fireboy and Watergirl 5 Elements,"35,632,826 plays",79%,https://img-hws.y8.com/cloud/v2-y8-thumbs-small-thumbnails-001/119168/small.gif
AquaPark io,"13,938,763 plays",69%,https://img-hws.y8.com/cloud/v2-y8-thumbs-small-thumbnails-001/124022/small.gif
Penalty Shooters 2,"9,722,441 plays",75%,https://img-hws.y8.com/cloud/v2-y8-thumbs-small-thumbnails-001/123075/small.gif
Squid Challenge,"3,382,598 plays",75%,https://img-hws.y8.com/cloud/v2-y8-thumbs-small-thumbnails-001/144896/small.gif
Ball Fall 3D,"28,800,270 plays",77%,https://img-hws.y8.com/cloud/v2-y8-thumbs-small-thumbnails-001/120653/small.gif
Slope,"105,565,348 plays",82%,https://img-hws.y8.com/cloud/y8-thumbs-small-thumbnails-001/109946/small.gif
Impostor,"3,016,472 plays",78%,https://img-hws.y8.com/cloud/v2-y8-thumbs-small-thumbnails-001/143743/small.gif
Four Colors,"9,923,756 plays",74%,https://img-hws.y8.com/cloud/y8-thumbs-small-thumbnails-001/108001/small.gif
Worms Zone,"12,318,361 plays",82%,https://img-hws.y8.com/cloud/v2-y8-thumbs-small-thumbnails-001/124909/small.gif
Might and Monsters,"3,917 plays",88%,https://img-hws.y8.com/cloud/v2-y8-thumbs-small-thumbnails-001/147586/small.gif
Woodturning Art,"1,803,683 plays",66%,https://img-hws.y8.com/cloud/v2-y8-thumbs-small-thumbnails-001/139371/small.gif
Bff Blonde Rivals,"999,970 plays",79%,https://img-hws.y8.com/cloud/v2-y8-thumbs-small-thumbnails-001/127793/small.gif
Labo 3D Maze,"2,233 plays",88%,https://img-hws.y8.com/cloud/v2-y8-thumbs-small-thumbnails-001/147450/small.gif
Uphill Bus Simulator 3D,"9,063,536 plays",79%,https://img-hws.y8.com/cloud/v2-y8-thumbs-small-thumbnails-001/126323/small.gif
Infinite War 2020,"1,216,059 plays",84%,https://img-hws.y8.com/cloud/v2-y8-thumbs-small-thumbnails-001/128327/small.gif
Crypto Serval - NFT,"115,455 plays",80%,https://img-hws.y8.com/cloud/v2-y8-thumbs-small-thumbnails-001/146090/small.gif
Ninja Clash Heroes,"3,580,332 plays",85%,https://img-hws.y8.com/cloud/v2-y8-thumbs-small-thumbnails-001/135347/small.gif
Little Nails Problems,"306,638 plays",76%,https://img-hws.y8.com/cloud/y8-thumbs/96983/small.gif
Fish Love,"498,000 plays",72%,https://img-hws.y8.com/cloud/v2-y8-thumbs-small-thumbnails-001/146028/small.gif
Tanuki Sunset,"5,171 plays",91%,https://img-hws.y8.com/cloud/v2-y8-thumbs-small-thumbnails-001/125551/small.gif
Hide N Seek 3D,"182,167 plays",83%,https://img-hws.y8.com/cloud/v2-y8-thumbs-small-thumbnails-001/147940/small.gif
Plants,"1,519,961 plays",83%,https://img-hws.y8.com/cloud/v2-y8-thumbs-small-thumbnails-001/131758/small.gif
Fullspeed Racing,"118,587 plays",80%,https://img-hws.y8.com/cloud/v2-y8-thumbs-small-thumbnails-001/141476/small.gif
Learn Drive Karts Sim,"17,127 plays",62%,https://img-hws.y8.com/cloud/v2-y8-thumbs-small-thumbnails-001/147633/small.gif
Soccer Skills: Euro Cup 2021 Edition,"2,131,024 plays",81%,https://img-hws.y8.com/cloud/v2-y8-thumbs-small-thumbnails-001/141954/small.gif
Stair Race 3D,"1,365,063 plays",72%,https://img-hws.y8.com/cloud/v2-y8-thumbs-small-thumbnails-001/144691/small.gif
Escape from the Hot Spring,"8,762 plays",83%,https://img-hws.y8.com/cloud/v2-y8-thumbs-small-thumbnails-001/147592/small.gif
Motor Bike Pizza Delivery 2020,"1,844,932 plays",77%,https://img-hws.y8.com/cloud/v2-y8-thumbs-small-thumbnails-001/127754/small.gif
Draw Parking,"962,961 plays",65%,https://img-hws.y8.com/cloud/v2-y8-thumbs-small-thumbnails-001/137139/small.gif
Home Design Miss Robins Home Makeover,"8,337 plays",75%,https://img-hws.y8.com/cloud/v2-y8-thumbs-small-thumbnails-001/147436/small.gif
Vex 3,"32,564,137 plays",81%,https://img-hws.y8.com/cloud/y8-thumbs/60133/small.gif
Geometry Rash Challenge,"605,587 plays",70%,https://img-hws.y8.com/cloud/v2-y8-thumbs-small-thumbnails-001/148956/small.gif
Birthday Cake for Mom,"1,481,068 plays",77%,https://img-hws.y8.com/cloud/v2-y8-thumbs-small-thumbnails-001/135669/small.gif
Lords of the Arena,"187,634 plays",85%,https://img-hws.y8.com/cloud/v2-y8-thumbs-small-thumbnails-001/121354/small.gif
Drunken Boxing,"7,529,135 plays",62%,https://img-hws.y8.com/cloud/v2-y8-thumbs-small-thumbnails-001/139201/small.gif
Farm Slide Puzzle,"659,005 plays",70%,https://img-hws.y8.com/cloud/v2-y8-thumbs-small-thumbnails-001/128614/small.gif
Tic Tac Toe: Paper Note 2,"2,918,022 plays",66%,https://img-hws.y8.com/cloud/v2-y8-thumbs-small-thumbnails-001/137733/small.gif
Fish Eat Fish 3 Players,"43,705,852 plays",81%,https://img-hws.y8.com/cloud/y8-thumbs/63188/small.gif
Bullet Party 2,"6,528,923 plays",76%,https://img-hws.y8.com/cloud/v2-y8-thumbs-small-thumbnails-001/123616/small.gif
Rally Point 3,"1,452,295 plays",79%,https://img-hws.y8.com/cloud/v2-y8-thumbs-small-thumbnails-001/143623/small.gif
Moto X3M,"37,163,201 plays",84%,https://img-hws.y8.com/cloud/v2-y8-thumbs-small-thumbnails-001/111860/small.gif
Love Pins,"11,139,340 plays",68%,https://img-hws.y8.com/cloud/v2-y8-thumbs-small-thumbnails-001/133660/small.gif
Andrea Smile Award,"2,315,890 plays",68%,https://img-hws.y8.com/cloud/y8-thumbs/93257/small.gif
Table Tennis- World Tour,"11,167,653 plays",64%,https://img-hws.y8.com/cloud/v2-y8-thumbs-small-thumbnails-001/119761/small.gif
Voxiom io,"3,213,708 plays",82%,https://img-hws.y8.com/cloud/v2-y8-thumbs-small-thumbnails-001/136149/small.gif
Sniper Assault Squad,"946,068 plays",67%,https://img-hws.y8.com/cloud/v2-y8-thumbs-small-thumbnails-001/145099/small.gif
Pool Clash: 8 Ball Billiards Snooker,"617,489 plays",74%,https://img-hws.y8.com/cloud/v2-y8-thumbs-small-thumbnails-001/120466/small.gif
Knife io,"4,080,917 plays",86%,https://img-hws.y8.com/cloud/v2-y8-thumbs-small-thumbnails-001/124609/small.gif
Power Badminton,"876,758 plays",60%,https://img-hws.y8.com/cloud/v2-y8-thumbs-small-thumbnails-001/115924/small.gif
Wild Castle,"581,454 plays",85%,https://img-hws.y8.com/cloud/v2-y8-thumbs-small-thumbnails-001/136090/small.gif
Dream Pet Link,"2,219,631 plays",86%,https://img-hws.y8.com/cloud/y8-thumbs/10864/small.jpg
Freefall Tournament,"33,089,315 plays",91%,https://img-hws.y8.com/cloud/y8-thumbs/63326/small.gif
Moto X3M,"37,163,201 plays",84%,https://img-hws.y8.com/cloud/v2-y8-thumbs-small-thumbnails-001/111860/small.gif
Fireboy and Watergirl in the Crystal Temple,"13,454,036 plays",76%,https://img-hws.y8.com/cloud/v2-y8-thumbs-small-thumbnails-001/126142/small.gif
Island Survival 3D,"1,988,281 plays",74%,https://img-hws.y8.com/cloud/v2-y8-thumbs-small-thumbnails-001/131317/small.gif
Power Badminton,"876,758 plays",60%,https://img-hws.y8.com/cloud/v2-y8-thumbs-small-thumbnails-001/115924/small.gif
Wild Castle,"581,454 plays",85%,https://img-hws.y8.com/cloud/v2-y8-thumbs-small-thumbnails-001/136090/small.gif
Slendrina X: The Dark Hospital,"280,835 plays",64%,https://img-hws.y8.com/cloud/v2-y8-thumbs-small-thumbnails-001/145872/small.gif
Wonder Flower,"2,402 plays",77%,https://img-hws.y8.com/cloud/v2-y8-thumbs-small-thumbnails-001/146997/small.gif
Battle Tank,"797,921 plays",86%,https://img-hws.y8.com/cloud/v2-y8-thumbs-small-thumbnails-001/111870/small.gif
Bartender The Wedding,"9,451,950 plays",81%,https://img-hws.y8.com/cloud/v2-y8-thumbs-small-thumbnails-001/115938/small.gif
Perfect Piano,"19,288,549 plays",73%,https://img-hws.y8.com/cloud/v2-y8-thumbs-small-thumbnails-001/119757/small.gif
Knots Master 3D,"1,190,784 plays",72%,https://img-hws.y8.com/cloud/v2-y8-thumbs-small-thumbnails-001/136281/small.gif
Bartender: The Right Mix,"112,791,655 plays",87%,https://img-hws.y8.com/cloud/y8-thumbs/93152/small.gif
Tom Run,"14,510,001 plays",78%,https://img-hws.y8.com/cloud/v2-y8-thumbs-small-thumbnails-001/121790/small.gif
Princess Rivalry,"1,489,615 plays",79%,https://img-hws.y8.com/cloud/v2-y8-thumbs-small-thumbnails-001/117497/small.gif
Talking Tom Hidden Stars,"7,655 plays",61%,https://img-hws.y8.com/cloud/v2-y8-thumbs-small-thumbnails-001/147019/small.gif
Bomb It 6,"28,817,882 plays",88%,https://img-hws.y8.com/cloud/v2-y8-thumbs-small-thumbnails-001/131836/small.gif
Fall Guys and Girls,"2,504,632 plays",84%,https://img-hws.y8.com/cloud/v2-y8-thumbs-small-thumbnails-001/137199/small.gif
Join Pusher 3D,"2,057,908 plays",66%,https://img-hws.y8.com/cloud/v2-y8-thumbs-small-thumbnails-001/142140/small.gif
Galactic Forces,"249,909 plays",82%,https://img-hws.y8.com/cloud/v2-y8-thumbs-small-thumbnails-001/117885/small.gif
Fireboy And Watergirl Light Temple,"81,561,362 plays",86%,https://img-hws.y8.com/cloud/v2-y8-thumbs-small-thumbnails-001/126139/small.gif
Knife Hit,"9,699,308 plays",70%,https://img-hws.y8.com/cloud/v2-y8-thumbs-small-thumbnails-001/122206/small.gif
Parkour Block 3,"1,045,642 plays",64%,https://img-hws.y8.com/cloud/v2-y8-thumbs-small-thumbnails-001/145387/small.gif
Teeth Runner,"303,267 plays",65%,https://img-hws.y8.com/cloud/v2-y8-thumbs-small-thumbnails-001/147526/small.gif
Thai Holiday Traditional Vs Modern,"1,290,520 plays",69%,https://img-hws.y8.com/cloud/v2-y8-thumbs-small-thumbnails-001/123145/small.gif
Blast the Color!,"2,026 plays",73%,https://img-hws.y8.com/cloud/v2-y8-thumbs-small-thumbnails-001/146984/small.gif
SuperBike GTX,"781,329 plays",75%,https://img-hws.y8.com/cloud/v2-y8-thumbs-small-thumbnails-001/124602/small.gif
Draw Tattoo,"3,058,942 plays",73%,https://img-hws.y8.com/cloud/v2-y8-thumbs-small-thumbnails-001/130539/small.gif
Pokey Stick,"3,753 plays",50%,https://img-hws.y8.com/cloud/v2-y8-thumbs-small-thumbnails-001/147207/small.gif
Smiling Glass 2,"7,299 plays",79%,https://img-hws.y8.com/cloud/v2-y8-thumbs-small-thumbnails-001/148850/small.gif
Fireboy and Watergirl Forest Temple,"67,436,234 plays",79%,https://img-hws.y8.com/cloud/v2-y8-thumbs-small-thumbnails-001/126133/small.gif
Mexico Rex,"8,493,130 plays",81%,https://img-hws.y8.com/cloud/y8-thumbs/82492/small.gif
Short Life,"12,119,779 plays",79%,https://img-hws.y8.com/cloud/y8-thumbs-small-thumbnails-001/106210/small.gif
Master Chess,"10,098,834 plays",75%,https://img-hws.y8.com/cloud/y8-thumbs-small-thumbnails-001/108972/small.gif
Cyber Champions Arena,"1,154,915 plays",85%,https://img-hws.y8.com/cloud/v2-y8-thumbs-small-thumbnails-001/122702/small.gif
Click the Circle,"2,646 plays",71%,https://img-hws.y8.com/cloud/v2-y8-thumbs-small-thumbnails-001/146993/small.gif
SkyBlock,"2,262,518 plays",73%,https://img-hws.y8.com/cloud/v2-y8-thumbs-small-thumbnails-001/138122/small.gif
Squid Shooter,"527,504 plays",77%,https://img-hws.y8.com/cloud/v2-y8-thumbs-small-thumbnails-001/147514/small.gif
FPS Shooting Survival Sim,"24,233 plays",85%,https://img-hws.y8.com/cloud/v2-y8-thumbs-small-thumbnails-001/148484/small.gif
Football Legends 2016,"66,994,735 plays",86%,https://img-hws.y8.com/cloud/y8-thumbs/71600/small.gif
Gold Miner,"15,602,117 plays",84%,https://img-hws.y8.com/cloud/y8-thumbs/215/small.jpg
Hot Dog Bush,"83,234,510 plays",88%,https://img-hws.y8.com/cloud/y8-thumbs/5410/small.gif
Farm Frenzy 2,"9,669,794 plays",91%,https://img-hws.y8.com/cloud/y8-thumbs/19854/small.gif
Stickman Boost!,"4,634,821 plays",72%,https://img-hws.y8.com/cloud/y8-thumbs-small-thumbnails-001/106256/small.gif
Solar System Scope,"27,627 plays",89%,https://img-hws.y8.com/cloud/v2-y8-thumbs-small-thumbnails-001/147342/small.gif
Happy Snakes,"22,423,357 plays",80%,https://img-hws.y8.com/cloud/v2-y8-thumbs-small-thumbnails-001/117172/small.gif
Cs Online,"5,362,610 plays",81%,https://img-hws.y8.com/cloud/v2-y8-thumbs-small-thumbnails-001/128333/small.gif
Friday Night Funkin,"10,977,958 plays",85%,https://img-hws.y8.com/cloud/v2-y8-thumbs-small-thumbnails-001/137247/small.gif
Dynamons 2,"1,911,530 plays",88%,https://img-hws.y8.com/cloud/v2-y8-thumbs-small-thumbnails-001/137990/small.gif
Makeover Run,"952,110 plays",79%,https://img-hws.y8.com/cloud/v2-y8-thumbs-small-thumbnails-001/144917/small.gif
Moto X3M 2,"60,238,210 plays",82%,https://img-hws.y8.com/cloud/y8-thumbs/77194/small.gif
LOL Funny,"363,723 plays",76%,https://img-hws.y8.com/cloud/v2-y8-thumbs-small-thumbnails-001/147286/small.gif
Princess Lovely Fashion,"31,283 plays",86%,https://img-hws.y8.com/cloud/v2-y8-thumbs-small-thumbnails-001/148574/small.gif
Moms Recipes Buffalo Chicken Dip,"2,710 plays",91%,https://img-hws.y8.com/cloud/v2-y8-thumbs-small-thumbnails-001/146967/small.gif
Dynamons,"867,361 plays",87%,https://img-hws.y8.com/cloud/y8-thumbs/79084/small.gif
Battle Robot Samurai Age,"3,035,127 plays",73%,https://img-hws.y8.com/cloud/y8-thumbs/101367/small.gif
Master Checkers,"3,575,697 plays",70%,https://img-hws.y8.com/cloud/y8-thumbs-small-thumbnails-001/108833/small.gif
Gulper io,"440,480 plays",76%,https://img-hws.y8.com/cloud/v2-y8-thumbs-small-thumbnails-001/138280/small.gif
City Wars,"1,065,066 plays",79%,https://img-hws.y8.com/cloud/v2-y8-thumbs-small-thumbnails-001/119962/small.gif
Tomb Runner,"47,208,504 plays",83%,https://img-hws.y8.com/cloud/v2-y8-thumbs-small-thumbnails-001/115441/small.gif
Kids Maths Fun,"185,286 plays",71%,https://img-hws.y8.com/cloud/v2-y8-thumbs-small-thumbnails-001/124831/small.gif
Collect Cubes,"2,336,382 plays",70%,https://img-hws.y8.com/cloud/v2-y8-thumbs-small-thumbnails-001/128391/small.gif
Real Stunts Drift Car Driving 3D,"1,076,065 plays",76%,https://img-hws.y8.com/cloud/v2-y8-thumbs-small-thumbnails-001/129738/small.gif
Tuk Tuk Auto Rickshaw,"2,352,361 plays",75%,https://img-hws.y8.com/cloud/v2-y8-thumbs-small-thumbnails-001/130359/small.gif
Stair Run Online,"4,703,234 plays",71%,https://img-hws.y8.com/cloud/v2-y8-thumbs-small-thumbnails-001/140428/small.gif
Water Sort Puzzle,"199,297 plays",77%,https://img-hws.y8.com/cloud/v2-y8-thumbs-small-thumbnails-001/143864/small.gif
Fruit Ninja,"162,128 plays",80%,https://img-hws.y8.com/cloud/v2-y8-thumbs-small-thumbnails-001/144918/small.gif
Squid Shooter,"527,504 plays",77%,https://img-hws.y8.com/cloud/v2-y8-thumbs-small-thumbnails-001/147514/small.gif
LOL Funny,"363,723 plays",76%,https://img-hws.y8.com/cloud/v2-y8-thumbs-small-thumbnails-001/147286/small.gif
Run Destiny Choice,"664,688 plays",73%,https://img-hws.y8.com/cloud/v2-y8-thumbs-small-thumbnails-001/147322/small.gif
Princess Lovely Fashion,"31,283 plays",86%,https://img-hws.y8.com/cloud/v2-y8-thumbs-small-thumbnails-001/148574/small.gif
FNaF Shooter,"41,643 plays",88%,https://img-hws.y8.com/cloud/v2-y8-thumbs-small-thumbnails-001/147635/small.gif
Swipe Runner,"60,580 plays",68%,https://img-hws.y8.com/cloud/v2-y8-thumbs-small-thumbnails-001/147914/small.gif
FPS Shooting Survival Sim,"24,233 plays",85%,https://img-hws.y8.com/cloud/v2-y8-thumbs-small-thumbnails-001/148484/small.gif
Dead Zed,"4,504,594 plays",85%,https://img-hws.y8.com/cloud/v2-y8-thumbs-small-thumbnails-001/136554/small.gif
Bomb it 7,"8,151,453 plays",90%,https://img-hws.y8.com/cloud/y8-thumbs/81734/small.gif
Death Run 3D,"13,754,727 plays",82%,https://img-hws.y8.com/cloud/y8-thumbs/62731/small.gif
Noughts and Crosses,"42,454,103 plays",69%,https://img-hws.y8.com/cloud/y8-thumbs/63824/small.gif
Ninja PvP Easter,"1,210,378 plays",82%,https://img-hws.y8.com/cloud/y8-thumbs/81185/small.gif
Moto Trials Junkyard 2,"8,930,189 plays",79%,https://img-hws.y8.com/cloud/y8-thumbs/94108/small.gif
Master Checkers,"3,575,697 plays",70%,https://img-hws.y8.com/cloud/y8-thumbs-small-thumbnails-001/108833/small.gif
Master Chess,"10,098,834 plays",75%,https://img-hws.y8.com/cloud/y8-thumbs-small-thumbnails-001/108972/small.gif
Basket Ball Run,"550,062 plays",76%,https://img-hws.y8.com/cloud/v2-y8-thumbs-small-thumbnails-001/114462/small.gif
Short Ride,"137,447 plays",81%,https://img-hws.y8.com/cloud/v2-y8-thumbs-small-thumbnails-001/117691/small.gif
Galactic Forces,"249,909 plays",82%,https://img-hws.y8.com/cloud/v2-y8-thumbs-small-thumbnails-001/117885/small.gif
Princess' Pup Rescue,"2,909,135 plays",82%,https://img-hws.y8.com/cloud/v2-y8-thumbs-small-thumbnails-001/119505/small.gif
Zumbar io,"181,498 plays",80%,https://img-hws.y8.com/cloud/v2-y8-thumbs-small-thumbnails-001/132565/small.gif
Elastic Man,"5,797,809 plays",78%,https://img-hws.y8.com/cloud/v2-y8-thumbs-small-thumbnails-001/133065/small.gif
Kogama World Racing,"321,963 plays",87%,https://img-hws.y8.com/cloud/v2-y8-thumbs-small-thumbnails-001/133616/small.gif
Sky City Riders,"6,779 plays",70%,https://img-hws.y8.com/cloud/v2-y8-thumbs-small-thumbnails-001/138533/small.gif
Ev io,"1,508,426 plays",81%,https://img-hws.y8.com/cloud/v2-y8-thumbs-small-thumbnails-001/145027/small.gif
Dress Up Bean,"1,942,934 plays",88%,https://img-hws.y8.com/cloud/v2-y8-thumbs-small-thumbnails-001/138946/small.gif
Flower Defense Zombie Siege,"292,417 plays",86%,https://img-hws.y8.com/cloud/v2-y8-thumbs-small-thumbnails-001/139852/small.gif
Word Search,"286,703 plays",83%,https://img-hws.y8.com/cloud/v2-y8-thumbs-small-thumbnails-001/141974/small.gif
Join Pusher 3D,"2,057,908 plays",66%,https://img-hws.y8.com/cloud/v2-y8-thumbs-small-thumbnails-001/142140/small.gif
Kogama Squid ,"1,062,802 plays",80%,https://img-hws.y8.com/cloud/v2-y8-thumbs-small-thumbnails-001/144788/small.gif
Teeth Runner,"303,267 plays",65%,https://img-hws.y8.com/cloud/v2-y8-thumbs-small-thumbnails-001/147526/small.gif
Shadow Ninja Revenge,"12,629 plays",77%,https://img-hws.y8.com/cloud/v2-y8-thumbs-small-thumbnails-001/147890/small.gif
Insta Summer Look,"2,513 plays",83%,https://img-hws.y8.com/cloud/v2-y8-thumbs-small-thumbnails-001/148786/small.gif
Xtreme City Drift 3D,"1,331 plays",93%,https://img-hws.y8.com/cloud/v2-y8-thumbs-small-thumbnails-001/148894/small.gif
Sprinter,"22,869,664 plays",70%,https://img-hws.y8.com/cloud/v2-y8-thumbs-small-thumbnails-001/131160/small.gif
Snail Bob,"16,474,178 plays",90%,https://img-hws.y8.com/cloud/y8-thumbs/22970/small.jpg
Mineclone 3,"12,263,291 plays",78%,https://img-hws.y8.com/cloud/v2-y8-thumbs-small-thumbnails-001/120478/small.gif
Tug the Table,"31,433,587 plays",73%,https://img-hws.y8.com/cloud/y8-thumbs/53928/small.gif
Pool Live Pro,"21,226,675 plays",90%,https://img-hws.y8.com/cloud/y8-thumbs/61586/small.gif
Crime City 3D,"16,821,780 plays",88%,https://img-hws.y8.com/cloud/y8-thumbs/70003/small.gif
Glam Princess Salon,"1,404,794 plays",73%,https://img-hws.y8.com/cloud/y8-thumbs/93524/small.gif
Hide Online,"24,985,817 plays",91%,https://img-hws.y8.com/cloud/y8-thumbs/95347/small.gif
Aurelias Foot Injuring,"3,276,132 plays",67%,https://img-hws.y8.com/cloud/y8-thumbs/96125/small.gif
Y8 Racing Thunder,"910,282 plays",80%,https://img-hws.y8.com/cloud/y8-thumbs/100629/small.gif
Rocking Sky Trip,"13,554,874 plays",75%,https://img-hws.y8.com/cloud/y8-thumbs/103707/small.gif
Penalty Kicks,"7,341,791 plays",70%,https://img-hws.y8.com/cloud/y8-thumbs-small-thumbnails-001/107080/small.gif
Zombie Sniping,"1,056,091 plays",66%,https://img-hws.y8.com/cloud/y8-thumbs-small-thumbnails-001/108821/small.gif
Fifa Rewind: Find the Ball,"194,815 plays",74%,https://img-hws.y8.com/cloud/v2-y8-thumbs-small-thumbnails-001/112515/small.gif
Pizza Realife Cooking,"746,606 plays",83%,https://img-hws.y8.com/cloud/v2-y8-thumbs-small-thumbnails-001/113232/small.gif
Death Squad: The Last Mission,"8,804,635 plays",79%,https://img-hws.y8.com/cloud/v2-y8-thumbs-small-thumbnails-001/113906/small.gif
Apple Shooter,"4,291,650 plays",73%,https://img-hws.y8.com/cloud/v2-y8-thumbs-small-thumbnails-001/114977/small.gif
War Simulator,"333,389 plays",84%,https://img-hws.y8.com/cloud/v2-y8-thumbs-small-thumbnails-001/115454/small.gif
2048 Merge,"143,959 plays",86%,https://img-hws.y8.com/cloud/v2-y8-thumbs-small-thumbnails-001/115888/small.gif
Cyber Smilodon Assembling,"1,764,843 plays",76%,https://img-hws.y8.com/cloud/v2-y8-thumbs-small-thumbnails-001/115937/small.gif
Dragon Simulator Multiplayer,"575,855 plays",83%,https://img-hws.y8.com/cloud/v2-y8-thumbs-small-thumbnails-001/117222/small.gif
Woblox,"1,473,056 plays",63%,https://img-hws.y8.com/cloud/v2-y8-thumbs-small-thumbnails-001/117409/small.gif
3D Air Hockey,"4,998,728 plays",68%,https://img-hws.y8.com/cloud/v2-y8-thumbs-small-thumbnails-001/119133/small.gif
Traffic Bike Racing,"4,905,580 plays",75%,https://img-hws.y8.com/cloud/v2-y8-thumbs-small-thumbnails-001/119450/small.gif
Indian Truck Simulator 3D,"4,247,261 plays",78%,https://img-hws.y8.com/cloud/v2-y8-thumbs-small-thumbnails-001/121114/small.gif
Football Legends 2019,"13,610,394 plays",79%,https://img-hws.y8.com/cloud/v2-y8-thumbs-small-thumbnails-001/121122/small.gif
Brain on the Line,"574,367 plays",71%,https://img-hws.y8.com/cloud/v2-y8-thumbs-small-thumbnails-001/121513/small.gif
8Ball Online,"2,170,317 plays",67%,https://img-hws.y8.com/cloud/v2-y8-thumbs-small-thumbnails-001/122928/small.gif
Aircraft Flying Simulator,"1,413,717 plays",73%,https://img-hws.y8.com/cloud/v2-y8-thumbs-small-thumbnails-001/124192/small.gif
Leader War,"4,224,673 plays",72%,https://img-hws.y8.com/cloud/v2-y8-thumbs-small-thumbnails-001/124579/small.gif
Kids Maths Fun,"185,286 plays",71%,https://img-hws.y8.com/cloud/v2-y8-thumbs-small-thumbnails-001/124831/small.gif
Pubg Pixel,"5,068,023 plays",71%,https://img-hws.y8.com/cloud/v2-y8-thumbs-small-thumbnails-001/125141/small.gif
Moto X3M Spooky Land,"2,578,270 plays",82%,https://img-hws.y8.com/cloud/v2-y8-thumbs-small-thumbnails-001/125175/small.gif
Fireboy and Watergirl in the Ice Temple,"2,817,432 plays",79%,https://img-hws.y8.com/cloud/v2-y8-thumbs-small-thumbnails-001/126216/small.gif
Brain Teaser,"2,032,922 plays",71%,https://img-hws.y8.com/cloud/v2-y8-thumbs-small-thumbnails-001/126982/small.gif
Medieval Defense Z,"422,801 plays",86%,https://img-hws.y8.com/cloud/v2-y8-thumbs-small-thumbnails-001/128713/small.gif
Slice Rush,"7,518,905 plays",77%,https://img-hws.y8.com/cloud/v2-y8-thumbs-small-thumbnails-001/129073/small.gif
Tuk Tuk Auto Rickshaw,"2,352,361 plays",75%,https://img-hws.y8.com/cloud/v2-y8-thumbs-small-thumbnails-001/130359/small.gif
Pandemic Simulator,"503,810 plays",84%,https://img-hws.y8.com/cloud/v2-y8-thumbs-small-thumbnails-001/131195/small.gif
Short Life 2,"3,008,442 plays",76%,https://img-hws.y8.com/cloud/v2-y8-thumbs-small-thumbnails-001/131991/small.gif
Cute Hair Maker,"330,001 plays",78%,https://img-hws.y8.com/cloud/v2-y8-thumbs-small-thumbnails-001/134882/small.gif
Shooter Rush,"135,286 plays",81%,https://img-hws.y8.com/cloud/v2-y8-thumbs-small-thumbnails-001/136074/small.gif
Baby Supermarket,"696,897 plays",87%,https://img-hws.y8.com/cloud/v2-y8-thumbs-small-thumbnails-001/136382/small.gif
Flappy Family,"864,018 plays",55%,https://img-hws.y8.com/cloud/v2-y8-thumbs-small-thumbnails-001/136453/small.gif
TrollFace Quest: Horror 3,"537,849 plays",76%,https://img-hws.y8.com/cloud/v2-y8-thumbs-small-thumbnails-001/137053/small.gif
Mr.Cop Master,"1,216,033 plays",65%,https://img-hws.y8.com/cloud/v2-y8-thumbs-small-thumbnails-001/137241/small.gif
Gunner Escape Shootout,"140,392 plays",78%,https://img-hws.y8.com/cloud/v2-y8-thumbs-small-thumbnails-001/138148/small.gif
Stretch Guy,"310,245 plays",76%,https://img-hws.y8.com/cloud/v2-y8-thumbs-small-thumbnails-001/138757/small.gif
Blob Opera,"433,060 plays",93%,https://img-hws.y8.com/cloud/v2-y8-thumbs-small-thumbnails-001/140519/small.gif
3D Rubik,"412,611 plays",53%,https://img-hws.y8.com/cloud/v2-y8-thumbs-small-thumbnails-001/142164/small.gif
Mia's Happy Wedding Celebration,"220,548 plays",65%,https://img-hws.y8.com/cloud/v2-y8-thumbs-small-thumbnails-001/142974/small.gif
Secret High School Kissing,"477,806 plays",70%,https://img-hws.y8.com/cloud/v2-y8-thumbs-small-thumbnails-001/143604/small.gif
Spiral Roll 2,"957,475 plays",63%,https://img-hws.y8.com/cloud/v2-y8-thumbs-small-thumbnails-001/143764/small.gif
Tomb of the Mask Neon,"548,513 plays",75%,https://img-hws.y8.com/cloud/v2-y8-thumbs-small-thumbnails-001/147686/small.gif
Sports Car Wash 2D,"2,906 plays",85%,https://img-hws.y8.com/cloud/v2-y8-thumbs-small-thumbnails-001/147234/small.gif
Elon Cars: Online Sky Stunt,"6,756 plays",85%,https://img-hws.y8.com/cloud/v2-y8-thumbs-small-thumbnails-001/147424/small.gif
Red Stickman: Fighting Stick,"5,926 plays",93%,https://img-hws.y8.com/cloud/v2-y8-thumbs-small-thumbnails-001/148492/small.gif
Playing with Fire 2,"77,055,145 plays",86%,https://img-hws.y8.com/cloud/y8-thumbs/103/small.gif
Penguin Diner,"78,450,002 plays",91%,https://img-hws.y8.com/cloud/v2-y8-thumbs-small-thumbnails-001/139508/small.gif
Kill Time in your Office,"18,974,351 plays",82%,https://img-hws.y8.com/cloud/y8-thumbs/6777/small.jpg
Gunblood,"44,396,166 plays",81%,https://img-hws.y8.com/cloud/y8-thumbs/23073/small.gif
Effing Worms 2,"260,203 plays",91%,https://img-hws.y8.com/cloud/y8-thumbs/37410/small.jpg
King Of Fighters Wing 1.8,"15,062,847 plays",89%,https://img-hws.y8.com/cloud/y8-thumbs/40767/small.gif
Spades,"710,783 plays",73%,https://img-hws.y8.com/cloud/v2-y8-thumbs-small-thumbnails-001/120568/small.gif
Day D: Tower Rush,"2,060,602 plays",84%,https://img-hws.y8.com/cloud/y8-thumbs/64617/small.gif
Table Soccer,"176,925 plays",75%,https://img-hws.y8.com/cloud/y8-thumbs/66338/small.gif
Milk The Cow,"18,046,945 plays",76%,https://img-hws.y8.com/cloud/v2-y8-thumbs-small-thumbnails-001/122834/small.gif
Drift Challenge,"3,462,226 plays",81%,https://img-hws.y8.com/cloud/y8-thumbs/71477/small.gif
Bike Riders,"7,960,227 plays",78%,https://img-hws.y8.com/cloud/y8-thumbs/86460/small.gif
Clown Nights,"2,159,122 plays",78%,https://img-hws.y8.com/cloud/y8-thumbs/90854/small.gif
Russian Car Driver HD,"21,211,673 plays",87%,https://img-hws.y8.com/cloud/y8-thumbs/92466/small.gif
Abandoned Island,"1,094,402 plays",85%,https://img-hws.y8.com/cloud/y8-thumbs/92903/small.gif
Miss Halloween Dress Up,"206,265 plays",91%,https://img-hws.y8.com/cloud/y8-thumbs/94689/small.gif
My Dreamy Car Makeover,"4,778,997 plays",68%,https://img-hws.y8.com/cloud/y8-thumbs/94715/small.gif
Russian Offroad Pickup Driver,"1,786,871 plays",81%,https://img-hws.y8.com/cloud/y8-thumbs/95292/small.gif
Cool Boys Makeover,"2,014,287 plays",73%,https://img-hws.y8.com/cloud/y8-thumbs/96099/small.gif
Baby Care New Year Look,"133,777 plays",84%,https://img-hws.y8.com/cloud/y8-thumbs/96250/small.gif
WorldZ,"9,972,466 plays",83%,https://img-hws.y8.com/cloud/y8-thumbs/98532/small.gif
Sprout Hair Pins Game,"115,053 plays",80%,https://img-hws.y8.com/cloud/y8-thumbs/100633/small.gif
Punk Rock Queen Makeover,"47,272 plays",84%,https://img-hws.y8.com/cloud/y8-thumbs/103563/small.gif
Draw a Portrait in 90 seconds,"2,857,319 plays",63%,https://img-hws.y8.com/cloud/y8-thumbs/104761/small.gif
Infestation,"60,756 plays",79%,https://img-hws.y8.com/cloud/y8-thumbs/105105/small.gif
Monster Go,"1,964,868 plays",76%,https://img-hws.y8.com/cloud/y8-thumbs-small-thumbnails-001/105511/small.gif
Zombies vs Berserk 2,"79,491 plays",76%,https://img-hws.y8.com/cloud/y8-thumbs-small-thumbnails-001/105643/small.gif
Kitty Fun Care,"331,150 plays",84%,https://img-hws.y8.com/cloud/y8-thumbs-small-thumbnails-001/107276/small.gif
Ultimate TicTacToe,"4,969,951 plays",71%,https://img-hws.y8.com/cloud/y8-thumbs-small-thumbnails-001/107881/small.gif
Bike Trials: Wasteland,"81,870 plays",75%,https://img-hws.y8.com/cloud/y8-thumbs-small-thumbnails-001/107961/small.gif
MaZe,"4,593,224 plays",72%,https://img-hws.y8.com/cloud/y8-thumbs-small-thumbnails-001/108812/small.gif
Snake And Ladders,"3,563,428 plays",72%,https://img-hws.y8.com/cloud/y8-thumbs-small-thumbnails-001/108995/small.gif
Boho vs Hipster,"327,114 plays",72%,https://img-hws.y8.com/cloud/y8-thumbs-small-thumbnails-001/109581/small.gif
Bartender The Celeb Mix,"8,554,669 plays",78%,https://img-hws.y8.com/cloud/y8-thumbs-small-thumbnails-001/109860/small.gif
Fun Lip Care,"107,002 plays",78%,https://img-hws.y8.com/cloud/y8-thumbs-small-thumbnails-001/109913/small.gif
Masked Shooters: Assault,"1,050,087 plays",80%,https://img-hws.y8.com/cloud/y8-thumbs-small-thumbnails-001/109959/small.gif
Silent Sniper,"7,237,015 plays",71%,https://img-hws.y8.com/cloud/v2-y8-thumbs-small-thumbnails-001/112070/small.gif
Will You Be My Monstertine?,"16,963 plays",77%,https://img-hws.y8.com/cloud/v2-y8-thumbs-small-thumbnails-001/112623/small.gif
Punk Eye Surgery,"118,750 plays",83%,https://img-hws.y8.com/cloud/v2-y8-thumbs-small-thumbnails-001/112843/small.gif
Grand Race,"4,630,491 plays",73%,https://img-hws.y8.com/cloud/v2-y8-thumbs-small-thumbnails-001/113897/small.gif
Stickman Boost! 2,"4,801,956 plays",78%,https://img-hws.y8.com/cloud/v2-y8-thumbs-small-thumbnails-001/113549/small.gif
Bob the Robber 4  Season 3: Japan,"178,242 plays",84%,https://img-hws.y8.com/cloud/v2-y8-thumbs-small-thumbnails-001/114489/small.gif
War Clicks,"195,249 plays",90%,https://img-hws.y8.com/cloud/v2-y8-thumbs-small-thumbnails-001/115273/small.gif
Troll Face Quest: Video Memes & TV Shows,"322,911 plays",74%,https://img-hws.y8.com/cloud/v2-y8-thumbs-small-thumbnails-001/133637/small.gif
SpaceDucts!,"10,861 plays",91%,https://img-hws.y8.com/cloud/v2-y8-thumbs-small-thumbnails-001/115423/small.gif
Ultimate Bike Stunt 2018,"196,931 plays",82%,https://img-hws.y8.com/cloud/v2-y8-thumbs-small-thumbnails-001/115710/small.gif
Vex 4,"2,365,832 plays",82%,https://img-hws.y8.com/cloud/v2-y8-thumbs-small-thumbnails-001/120244/small.gif
9 Ball Pool,"4,894,394 plays",73%,https://img-hws.y8.com/cloud/v2-y8-thumbs-small-thumbnails-001/116029/small.gif
Vehicles Simulator,"1,306,834 plays",85%,https://img-hws.y8.com/cloud/v2-y8-thumbs-small-thumbnails-001/118172/small.gif
Car Driving Test Simulator,"308,537 plays",77%,https://img-hws.y8.com/cloud/v2-y8-thumbs-small-thumbnails-001/117412/small.gif
Cyber Unicorn Assembly,"688,465 plays",76%,https://img-hws.y8.com/cloud/v2-y8-thumbs-small-thumbnails-001/117626/small.gif
8 Ball Billiards Classic,"2,918,977 plays",75%,https://img-hws.y8.com/cloud/v2-y8-thumbs-small-thumbnails-001/117836/small.gif
Lab Accident Surgery,"755,835 plays",79%,https://img-hws.y8.com/cloud/v2-y8-thumbs-small-thumbnails-001/118161/small.gif
Gulper io,"440,480 plays",76%,https://img-hws.y8.com/cloud/v2-y8-thumbs-small-thumbnails-001/138280/small.gif
Boat Simulator,"310,883 plays",86%,https://img-hws.y8.com/cloud/v2-y8-thumbs-small-thumbnails-001/118539/small.gif
Slendrina Must Die: The House,"2,648,904 plays",72%,https://img-hws.y8.com/cloud/v2-y8-thumbs-small-thumbnails-001/118850/small.gif
3D Free Kick: World Cup 18,"1,678,151 plays",74%,https://img-hws.y8.com/cloud/v2-y8-thumbs-small-thumbnails-001/119126/small.gif
Tower Defense 2D,"72,539 plays",78%,https://img-hws.y8.com/cloud/v2-y8-thumbs-small-thumbnails-001/119518/small.gif
Helix Jump,"11,810,315 plays",78%,https://img-hws.y8.com/cloud/v2-y8-thumbs-small-thumbnails-001/119591/small.gif
Color Pixel Art Classic,"1,781,446 plays",84%,https://img-hws.y8.com/cloud/v2-y8-thumbs-small-thumbnails-001/119771/small.gif
Rise Higher,"1,411,985 plays",72%,https://img-hws.y8.com/cloud/v2-y8-thumbs-small-thumbnails-001/120143/small.gif
Love Tester,"1,878,299 plays",70%,https://img-hws.y8.com/cloud/v2-y8-thumbs-small-thumbnails-001/120392/small.gif
Hill Climber,"1,727,031 plays",79%,https://img-hws.y8.com/cloud/v2-y8-thumbs-small-thumbnails-001/121021/small.gif
Flow Mania,"300,604 plays",75%,https://img-hws.y8.com/cloud/v2-y8-thumbs-small-thumbnails-001/121226/small.gif
Knife Hit Horror,"58,877 plays",51%,https://img-hws.y8.com/cloud/v2-y8-thumbs-small-thumbnails-001/121741/small.gif
Worms io,"884,888 plays",78%,https://img-hws.y8.com/cloud/v2-y8-thumbs-small-thumbnails-001/122133/small.gif
Beach Spa Salon,"631,710 plays",80%,https://img-hws.y8.com/cloud/v2-y8-thumbs-small-thumbnails-001/122543/small.gif
10 Blocks,"120,833 plays",89%,https://img-hws.y8.com/cloud/v2-y8-thumbs-small-thumbnails-001/122937/small.gif
Gin Rummy Plus,"150,647 plays",88%,https://img-hws.y8.com/cloud/v2-y8-thumbs-small-thumbnails-001/123156/small.gif
Stickman Swing,"1,088,840 plays",83%,https://img-hws.y8.com/cloud/v2-y8-thumbs-small-thumbnails-001/123349/small.gif
Fill Maze,"4,948,419 plays",81%,https://img-hws.y8.com/cloud/v2-y8-thumbs-small-thumbnails-001/123436/small.gif
Car Stunt Rider,"506,306 plays",70%,https://img-hws.y8.com/cloud/v2-y8-thumbs-small-thumbnails-001/124353/small.gif
Rope Help,"679,200 plays",77%,https://img-hws.y8.com/cloud/v2-y8-thumbs-small-thumbnails-001/126374/small.gif
Ludo Online,"789,823 plays",73%,https://img-hws.y8.com/cloud/v2-y8-thumbs-small-thumbnails-001/126451/small.gif
GP Moto Racing,"444,344 plays",76%,https://img-hws.y8.com/cloud/v2-y8-thumbs-small-thumbnails-001/126549/small.gif
Color Line,"1,496,224 plays",77%,https://img-hws.y8.com/cloud/v2-y8-thumbs-small-thumbnails-001/126574/small.gif
Drift Boss,"3,779,835 plays",73%,https://img-hws.y8.com/cloud/v2-y8-thumbs-small-thumbnails-001/126897/small.gif
Black Hole io,"315,458 plays",80%,https://img-hws.y8.com/cloud/v2-y8-thumbs-small-thumbnails-001/127015/small.gif
Tic Tac Toe,"972,272 plays",71%,https://img-hws.y8.com/cloud/v2-y8-thumbs-small-thumbnails-001/128215/small.gif
Wasteland Trucker,"561,995 plays",86%,https://img-hws.y8.com/cloud/v2-y8-thumbs-small-thumbnails-001/128339/small.gif
Police Driver,"1,803,857 plays",80%,https://img-hws.y8.com/cloud/v2-y8-thumbs-small-thumbnails-001/128357/small.gif
Shark io,"591,439 plays",75%,https://img-hws.y8.com/cloud/v2-y8-thumbs-small-thumbnails-001/130706/small.gif
Flakmeister,"393,058 plays",68%,https://img-hws.y8.com/cloud/v2-y8-thumbs-small-thumbnails-001/129758/small.gif
Skydom,"116,620 plays",95%,https://img-hws.y8.com/cloud/v2-y8-thumbs-small-thumbnails-001/129833/small.gif
Corona Virus Io,"38,902 plays",82%,https://img-hws.y8.com/cloud/v2-y8-thumbs-small-thumbnails-001/130985/small.gif
2048,"137,526 plays",75%,https://img-hws.y8.com/cloud/v2-y8-thumbs-small-thumbnails-001/131962/small.gif
Mope io,"274,520 plays",78%,https://img-hws.y8.com/cloud/v2-y8-thumbs-small-thumbnails-001/133049/small.gif
Real City Driving 2,"2,130,807 plays",83%,https://img-hws.y8.com/cloud/v2-y8-thumbs-small-thumbnails-001/133592/small.gif
GTA: Save My City,"644,199 plays",77%,https://img-hws.y8.com/cloud/v2-y8-thumbs-small-thumbnails-001/133941/small.gif
Vex 5,"691,882 plays",81%,https://img-hws.y8.com/cloud/v2-y8-thumbs-small-thumbnails-001/137335/small.gif
The Farmers,"103,002 plays",73%,https://img-hws.y8.com/cloud/v2-y8-thumbs-small-thumbnails-001/135160/small.gif
Save the Girl 2,"4,971,457 plays",71%,https://img-hws.y8.com/cloud/v2-y8-thumbs-small-thumbnails-001/136160/small.gif
Man Haircut,"1,633,576 plays",68%,https://img-hws.y8.com/cloud/v2-y8-thumbs-small-thumbnails-001/137206/small.gif
Dream Chefs,"463,455 plays",86%,https://img-hws.y8.com/cloud/v2-y8-thumbs-small-thumbnails-001/138886/small.gif
Fall Cars: Ultimate Knockout Race,"76,296 plays",73%,https://img-hws.y8.com/cloud/v2-y8-thumbs-small-thumbnails-001/138990/small.gif
Love Test,"418,999 plays",71%,https://img-hws.y8.com/cloud/v2-y8-thumbs-small-thumbnails-001/139239/small.gif
Drop Guys: Knockout Tournament,"304,418 plays",73%,https://img-hws.y8.com/cloud/v2-y8-thumbs-small-thumbnails-001/139631/small.gif
Crazy Craft,"582,384 plays",85%,https://img-hws.y8.com/cloud/v2-y8-thumbs-small-thumbnails-001/139827/small.gif
Design My Indie Necklace,"96,586 plays",81%,https://img-hws.y8.com/cloud/v2-y8-thumbs-small-thumbnails-001/140328/small.gif
Idle Ants,"48,722 plays",86%,https://img-hws.y8.com/cloud/v2-y8-thumbs-small-thumbnails-001/140392/small.gif
Pawn Boss,"353,506 plays",59%,https://img-hws.y8.com/cloud/v2-y8-thumbs-small-thumbnails-001/140932/small.gif
Top Speed Racing 3D,"1,331,722 plays",85%,https://img-hws.y8.com/cloud/v2-y8-thumbs-small-thumbnails-001/142926/small.gif
Among io ,"407,515 plays",81%,https://img-hws.y8.com/cloud/v2-y8-thumbs-small-thumbnails-001/141217/small.gif
Pencil Rush Online,"1,491,315 plays",75%,https://img-hws.y8.com/cloud/v2-y8-thumbs-small-thumbnails-001/141294/small.gif
Drunken Archers Duel,"4,379,818 plays",67%,https://img-hws.y8.com/cloud/v2-y8-thumbs-small-thumbnails-001/141467/small.gif
Mad Warrior,"456,123 plays",64%,https://img-hws.y8.com/cloud/v2-y8-thumbs-small-thumbnails-001/141405/small.gif
Stickman Vs Stickman,"31,038 plays",50%,https://img-hws.y8.com/cloud/v2-y8-thumbs-small-thumbnails-001/141525/small.gif
Football Legends,"741,016 plays",74%,https://img-hws.y8.com/cloud/v2-y8-thumbs-small-thumbnails-001/141693/small.gif
Cute House Cleaning,"131,314 plays",77%,https://img-hws.y8.com/cloud/v2-y8-thumbs-small-thumbnails-001/141795/small.gif
Mergest Kingdom,"626,466 plays",92%,https://img-hws.y8.com/cloud/v2-y8-thumbs-small-thumbnails-001/142018/small.gif
Madness: Off-Color,"98,054 plays",87%,https://img-hws.y8.com/cloud/v2-y8-thumbs-small-thumbnails-001/142240/small.gif
Mining to Riches,"95,462 plays",82%,https://img-hws.y8.com/cloud/v2-y8-thumbs-small-thumbnails-001/142119/small.gif
Bubble Game 3,"81,117 plays",90%,https://img-hws.y8.com/cloud/v2-y8-thumbs-small-thumbnails-001/142608/small.gif
Rage Quit Racer,"483,659 plays",68%,https://img-hws.y8.com/cloud/v2-y8-thumbs-small-thumbnails-001/142854/small.gif
Minecraft Shooter,"1,530,501 plays",86%,https://img-hws.y8.com/cloud/v2-y8-thumbs-small-thumbnails-001/143056/small.gif
Funny Battle,"450,105 plays",87%,https://img-hws.y8.com/cloud/v2-y8-thumbs-small-thumbnails-001/146036/small.gif
Idle Arks,"459,847 plays",90%,https://img-hws.y8.com/cloud/v2-y8-thumbs-small-thumbnails-001/143198/small.gif
Impostor io,"103,145 plays",80%,https://img-hws.y8.com/cloud/v2-y8-thumbs-small-thumbnails-001/143423/small.gif
Everybody Must Die,"5,995 plays",85%,https://img-hws.y8.com/cloud/v2-y8-thumbs-small-thumbnails-001/143512/small.gif
Hero 3: Flying Robot,"187,312 plays",84%,https://img-hws.y8.com/cloud/v2-y8-thumbs-small-thumbnails-001/144090/small.gif
Bridal Race 3D,"52,566 plays",67%,https://img-hws.y8.com/cloud/v2-y8-thumbs-small-thumbnails-001/144400/small.gif
Fireboy & Watergirl 6: Fairy Tales,"591,047 plays",80%,https://img-hws.y8.com/cloud/v2-y8-thumbs-small-thumbnails-001/144423/small.gif
Super Pop It!,"447,582 plays",76%,https://img-hws.y8.com/cloud/v2-y8-thumbs-small-thumbnails-001/144630/small.gif
8 Ball Pro,"85,148 plays",58%,https://img-hws.y8.com/cloud/v2-y8-thumbs-small-thumbnails-001/144647/small.gif
Merge Cannon: Chicken Defense,"46,960 plays",89%,https://img-hws.y8.com/cloud/v2-y8-thumbs-small-thumbnails-001/144684/small.gif
Squid Game Run,"227,058 plays",77%,https://img-hws.y8.com/cloud/v2-y8-thumbs-small-thumbnails-001/144978/small.gif
FNF Vs Roblox Guest,"183,378 plays",77%,https://img-hws.y8.com/cloud/v2-y8-thumbs-small-thumbnails-001/145070/small.gif
ABC Animal,"4,218 plays",83%,https://img-hws.y8.com/cloud/v2-y8-thumbs-small-thumbnails-001/145343/small.gif
Tropical Merge,"34,986 plays",92%,https://img-hws.y8.com/cloud/v2-y8-thumbs-small-thumbnails-001/145554/small.gif
Human Vehicle,"19,669 plays",83%,https://img-hws.y8.com/cloud/v2-y8-thumbs-small-thumbnails-001/145706/small.gif
Fall Boys Multiplayer,"15,531 plays",80%,https://img-hws.y8.com/cloud/v2-y8-thumbs-small-thumbnails-001/145776/small.gif
Zombie Shooter: Destroy All Zombies,"61,023 plays",89%,https://img-hws.y8.com/cloud/v2-y8-thumbs-small-thumbnails-001/145754/small.gif
Round 6: The Game,"401,589 plays",70%,https://img-hws.y8.com/cloud/v2-y8-thumbs-small-thumbnails-001/145919/small.gif
Squid Game Dismounting,"26,859 plays",86%,https://img-hws.y8.com/cloud/v2-y8-thumbs-small-thumbnails-001/145981/small.gif
Test your Love,"95,819 plays",62%,https://img-hws.y8.com/cloud/v2-y8-thumbs-small-thumbnails-001/146030/small.gif
Run of Life 3D,"55,827 plays",69%,https://img-hws.y8.com/cloud/v2-y8-thumbs-small-thumbnails-001/146829/small.gif
Gun Fest,"216,858 plays",69%,https://img-hws.y8.com/cloud/v2-y8-thumbs-small-thumbnails-001/147380/small.gif
Brain Buster Draw,"1,479 plays",41%,https://img-hws.y8.com/cloud/v2-y8-thumbs-small-thumbnails-001/147031/small.gif
Minewar: Soldiers vs Zombies,"3,544 plays",94%,https://img-hws.y8.com/cloud/v2-y8-thumbs-small-thumbnails-001/147083/small.gif
Extreme Cycling,"32,761 plays",77%,https://img-hws.y8.com/cloud/v2-y8-thumbs-small-thumbnails-001/148322/small.gif
Which Sea Creature Looks Different,"2,102 plays",80%,https://img-hws.y8.com/cloud/v2-y8-thumbs-small-thumbnails-001/147133/small.gif
Drive Bike Stunt Simulator 3D,"6,880 plays",92%,https://img-hws.y8.com/cloud/v2-y8-thumbs-small-thumbnails-001/147172/small.gif
Ultimate PK,"24,451 plays",56%,https://img-hws.y8.com/cloud/v2-y8-thumbs-small-thumbnails-001/148306/small.gif
Squad Tower,115 plays,82%,https://img-hws.y8.com/cloud/v2-y8-thumbs-small-thumbnails-001/147956/small.gif
Rocket Bot Royale,"5,728 plays",94%,https://img-hws.y8.com/cloud/v2-y8-thumbs-small-thumbnails-001/148004/small.gif
Baby Hazel: Skin Trouble,"3,189 plays",77%,https://img-hws.y8.com/cloud/v2-y8-thumbs-small-thumbnails-001/148098/small.gif
Aquapark Surfer Race,"1,809 plays",83%,https://img-hws.y8.com/cloud/v2-y8-thumbs-small-thumbnails-001/148566/small.gif
Supra Drift 3D,"3,836,062 plays",82%,https://img-hws.y8.com/cloud/v2-y8-thumbs-small-thumbnails-001/126458/small.gif
Tic Tac Toe Mania,"726,277 plays",62%,https://img-hws.y8.com/cloud/v2-y8-thumbs-small-thumbnails-001/133473/small.gif
Bike Simulator 3D: SuperMoto II,"11,247,517 plays",74%,https://img-hws.y8.com/cloud/v2-y8-thumbs-small-thumbnails-001/118163/small.gif
City Wars,"1,065,066 plays",79%,https://img-hws.y8.com/cloud/v2-y8-thumbs-small-thumbnails-001/119962/small.gif
Hungry Shark Arena,"214,037 plays",83%,https://img-hws.y8.com/cloud/v2-y8-thumbs-small-thumbnails-001/142945/small.gif
WarCall io,"1,591,993 plays",78%,https://img-hws.y8.com/cloud/v2-y8-thumbs-small-thumbnails-001/141701/small.gif
Counter Force Conflict,"232,199 plays",74%,https://img-hws.y8.com/cloud/v2-y8-thumbs-small-thumbnails-001/144269/small.gif
FNF Vs Lofi Girl,"12,934 plays",86%,https://img-hws.y8.com/cloud/v2-y8-thumbs-small-thumbnails-001/148482/small.gif
Spot the Difference,"153,401 plays",69%,https://img-hws.y8.com/cloud/v2-y8-thumbs-small-thumbnails-001/120574/small.gif
Big Bad Ape,"8,574,802 plays",82%,https://img-hws.y8.com/cloud/y8-thumbs/68540/small.gif
Subway Clash 3D,"29,706,149 plays",86%,https://img-hws.y8.com/cloud/y8-thumbs/75630/small.gif
Ice Princess Christmas,"542,626 plays",83%,https://img-hws.y8.com/cloud/y8-thumbs/95139/small.gif
Warzone Mercenaries,"2,943,771 plays",86%,https://img-hws.y8.com/cloud/y8-thumbs/104015/small.gif
Restaurant Makeover,"310,317 plays",75%,https://img-hws.y8.com/cloud/y8-thumbs-small-thumbnails-001/105415/small.gif
Jetpack Fighter,"405,930 plays",80%,https://img-hws.y8.com/cloud/y8-thumbs-small-thumbnails-001/105834/small.gif
Survival Arena,"249,515 plays",73%,https://img-hws.y8.com/cloud/y8-thumbs-small-thumbnails-001/110187/small.gif
Iron Suit: Assemble and Flight,"1,758,631 plays",75%,https://img-hws.y8.com/cloud/v2-y8-thumbs-small-thumbnails-001/111799/small.gif
Parkour GO 2: Urban,"10,847,460 plays",75%,https://img-hws.y8.com/cloud/v2-y8-thumbs-small-thumbnails-001/131377/small.gif
Flappy Ball,"144,786 plays",56%,https://img-hws.y8.com/cloud/v2-y8-thumbs-small-thumbnails-001/112473/small.gif
Pizza Realife Cooking,"746,606 plays",83%,https://img-hws.y8.com/cloud/v2-y8-thumbs-small-thumbnails-001/113232/small.gif
Bob the Robber 4  Season 3: Japan,"178,242 plays",84%,https://img-hws.y8.com/cloud/v2-y8-thumbs-small-thumbnails-001/114489/small.gif
Billiards,"775,735 plays",73%,https://img-hws.y8.com/cloud/v2-y8-thumbs-small-thumbnails-001/115293/small.gif
War Simulator,"333,389 plays",84%,https://img-hws.y8.com/cloud/v2-y8-thumbs-small-thumbnails-001/115454/small.gif
Lab Accident Surgery,"755,835 plays",79%,https://img-hws.y8.com/cloud/v2-y8-thumbs-small-thumbnails-001/118161/small.gif
Color Pixel Art Classic,"1,781,446 plays",84%,https://img-hws.y8.com/cloud/v2-y8-thumbs-small-thumbnails-001/119771/small.gif
Rise Higher,"1,411,985 plays",72%,https://img-hws.y8.com/cloud/v2-y8-thumbs-small-thumbnails-001/120143/small.gif
Parkour City,"153,661 plays",73%,https://img-hws.y8.com/cloud/v2-y8-thumbs-small-thumbnails-001/120460/small.gif
Ludo Hero,"1,245,666 plays",83%,https://img-hws.y8.com/cloud/v2-y8-thumbs-small-thumbnails-001/122121/small.gif
DD Slices,"364,578 plays",81%,https://img-hws.y8.com/cloud/v2-y8-thumbs-small-thumbnails-001/122179/small.gif
Maths Fun,"85,242 plays",70%,https://img-hws.y8.com/cloud/v2-y8-thumbs-small-thumbnails-001/123453/small.gif
Block Wood Puzzle,"268,091 plays",86%,https://img-hws.y8.com/cloud/v2-y8-thumbs-small-thumbnails-001/124653/small.gif
Puppy House,"1,597,224 plays",86%,https://img-hws.y8.com/cloud/v2-y8-thumbs-small-thumbnails-001/124926/small.gif
GP Moto Racing,"444,344 plays",76%,https://img-hws.y8.com/cloud/v2-y8-thumbs-small-thumbnails-001/126549/small.gif
Rise Up,"264,679 plays",72%,https://img-hws.y8.com/cloud/v2-y8-thumbs-small-thumbnails-001/126702/small.gif
The Spear Stickman,"112,579 plays",80%,https://img-hws.y8.com/cloud/v2-y8-thumbs-small-thumbnails-001/127679/small.gif
Flying Cars,"1,239,172 plays",75%,https://img-hws.y8.com/cloud/v2-y8-thumbs-small-thumbnails-001/129289/small.gif
Shark io,"591,439 plays",75%,https://img-hws.y8.com/cloud/v2-y8-thumbs-small-thumbnails-001/130706/small.gif
Join & Clash,"5,297,338 plays",77%,https://img-hws.y8.com/cloud/v2-y8-thumbs-small-thumbnails-001/133603/small.gif
Troll Face Quest: Video Memes and Tv Shows: Part 2,"114,235 plays",71%,https://img-hws.y8.com/cloud/v2-y8-thumbs-small-thumbnails-001/134293/small.gif
King of Chaos,"383,950 plays",83%,https://img-hws.y8.com/cloud/v2-y8-thumbs-small-thumbnails-001/136388/small.gif
RPS Exclusive,"5,574,880 plays",72%,https://img-hws.y8.com/cloud/v2-y8-thumbs-small-thumbnails-001/136806/small.gif
Tennis Masters,"355,839 plays",70%,https://img-hws.y8.com/cloud/v2-y8-thumbs-small-thumbnails-001/138061/small.gif
Princess Prom Photoshoot,"1,380,227 plays",79%,https://img-hws.y8.com/cloud/v2-y8-thumbs-small-thumbnails-001/138167/small.gif
Football Heads: 2019-20 Germany (Bundesliga),"197,001 plays",74%,https://img-hws.y8.com/cloud/v2-y8-thumbs-small-thumbnails-001/138431/small.gif
Heroes of War,"193,648 plays",89%,https://img-hws.y8.com/cloud/v2-y8-thumbs-small-thumbnails-001/140422/small.gif
Gtr Drift,"644,329 plays",85%,https://img-hws.y8.com/cloud/v2-y8-thumbs-small-thumbnails-001/140754/small.gif
School Bus,"52,171 plays",87%,https://img-hws.y8.com/cloud/v2-y8-thumbs-small-thumbnails-001/140863/small.gif
Madness: Off-Color,"98,054 plays",87%,https://img-hws.y8.com/cloud/v2-y8-thumbs-small-thumbnails-001/142240/small.gif
Among Cars,"185,785 plays",84%,https://img-hws.y8.com/cloud/v2-y8-thumbs-small-thumbnails-001/145274/small.gif
Castle Defender Saga,"83,537 plays",85%,https://img-hws.y8.com/cloud/v2-y8-thumbs-small-thumbnails-001/144542/small.gif
Slide in the Woods,"120,275 plays",80%,https://img-hws.y8.com/cloud/v2-y8-thumbs-small-thumbnails-001/144776/small.gif
Downhill Chill,"94,038 plays",77%,https://img-hws.y8.com/cloud/v2-y8-thumbs-small-thumbnails-001/145595/small.gif
K Challenge 456,"24,008 plays",80%,https://img-hws.y8.com/cloud/v2-y8-thumbs-small-thumbnails-001/146290/small.gif
Squid Sniper,"560,616 plays",74%,https://img-hws.y8.com/cloud/v2-y8-thumbs-small-thumbnails-001/147641/small.gif
Pico Vs Bear DX,"1,997 plays",82%,https://img-hws.y8.com/cloud/v2-y8-thumbs-small-thumbnails-001/146541/small.gif
Time Shooter 2,"36,453 plays",91%,https://img-hws.y8.com/cloud/v2-y8-thumbs-small-thumbnails-001/146460/small.gif
Squid Game 2,"7,422 plays",72%,https://img-hws.y8.com/cloud/v2-y8-thumbs-small-thumbnails-001/147092/small.gif
Minewar: Soldiers vs Zombies,"3,544 plays",94%,https://img-hws.y8.com/cloud/v2-y8-thumbs-small-thumbnails-001/147083/small.gif
Extreme 3D Realistic Car,"10,078 plays",89%,https://img-hws.y8.com/cloud/v2-y8-thumbs-small-thumbnails-001/147185/small.gif
Giddy Birds,"1,724 plays",67%,https://img-hws.y8.com/cloud/v2-y8-thumbs-small-thumbnails-001/147406/small.gif
Rolling City,"3,035,074 plays",77%,https://img-hws.y8.com/cloud/v2-y8-thumbs-small-thumbnails-001/122295/small.gif
Russian Car Driver HD,"21,211,673 plays",87%,https://img-hws.y8.com/cloud/y8-thumbs/92466/small.gif
Indian Truck Simulator 3D,"4,247,261 plays",78%,https://img-hws.y8.com/cloud/v2-y8-thumbs-small-thumbnails-001/121114/small.gif
Om Nom Run,"168,614 plays",81%,https://img-hws.y8.com/cloud/v2-y8-thumbs-small-thumbnails-001/139531/small.gif
Gunblood,"44,396,096 plays",81%,https://img-hws.y8.com/cloud/y8-thumbs/23073/small.gif
King Of Fighters Wing 1.8,"15,062,776 plays",89%,https://img-hws.y8.com/cloud/y8-thumbs/40767/small.gif
Little Cupcake Maker,"1,660,295 plays",79%,https://img-hws.y8.com/cloud/y8-thumbs/97949/small.gif
WorldZ,"9,972,439 plays",83%,https://img-hws.y8.com/cloud/y8-thumbs/98532/small.gif
Rescue Six,"5,049,423 plays",74%,https://img-hws.y8.com/cloud/y8-thumbs-small-thumbnails-001/109761/small.gif
Will You Be My Monstertine?,"16,963 plays",77%,https://img-hws.y8.com/cloud/v2-y8-thumbs-small-thumbnails-001/112623/small.gif
Impossible Bike Stunt 3D,"10,817,482 plays",78%,https://img-hws.y8.com/cloud/v2-y8-thumbs-small-thumbnails-001/112647/small.gif
Forest Invasion,"2,030,255 plays",76%,https://img-hws.y8.com/cloud/v2-y8-thumbs-small-thumbnails-001/114351/small.gif
Monoa City Parking,"73,943 plays",84%,https://img-hws.y8.com/cloud/v2-y8-thumbs-small-thumbnails-001/115604/small.gif
Orbit Hops,"2,100 plays",80%,https://img-hws.y8.com/cloud/v2-y8-thumbs-small-thumbnails-001/115839/small.gif
Stock Car Hero,"2,611,885 plays",77%,https://img-hws.y8.com/cloud/v2-y8-thumbs-small-thumbnails-001/119991/small.gif
Shorties's Kingdom 3,"172,508 plays",91%,https://img-hws.y8.com/cloud/v2-y8-thumbs-small-thumbnails-001/125753/small.gif
Commando,"43,380 plays",88%,https://img-hws.y8.com/cloud/v2-y8-thumbs-small-thumbnails-001/127122/small.gif
Police Driver,"1,803,833 plays",80%,https://img-hws.y8.com/cloud/v2-y8-thumbs-small-thumbnails-001/128357/small.gif
Pool: 8 Ball Mania,"159,965 plays",65%,https://img-hws.y8.com/cloud/v2-y8-thumbs-small-thumbnails-001/132566/small.gif
Zombia,"9,459 plays",67%,https://img-hws.y8.com/cloud/v2-y8-thumbs-small-thumbnails-001/132722/small.gif
Let's Catch,"30,937 plays",86%,https://img-hws.y8.com/cloud/v2-y8-thumbs-small-thumbnails-001/135471/small.gif
King of Chaos,"383,950 plays",83%,https://img-hws.y8.com/cloud/v2-y8-thumbs-small-thumbnails-001/136388/small.gif
RPS Exclusive,"5,574,880 plays",72%,https://img-hws.y8.com/cloud/v2-y8-thumbs-small-thumbnails-001/136806/small.gif
Tennis Masters,"355,839 plays",70%,https://img-hws.y8.com/cloud/v2-y8-thumbs-small-thumbnails-001/138061/small.gif
Princess Prom Photoshoot,"1,380,227 plays",79%,https://img-hws.y8.com/cloud/v2-y8-thumbs-small-thumbnails-001/138167/small.gif
Football Heads: 2019-20 Germany (Bundesliga),"197,001 plays",74%,https://img-hws.y8.com/cloud/v2-y8-thumbs-small-thumbnails-001/138431/small.gif
Heroes of War,"193,648 plays",89%,https://img-hws.y8.com/cloud/v2-y8-thumbs-small-thumbnails-001/140422/small.gif
Gtr Drift,"644,329 plays",85%,https://img-hws.y8.com/cloud/v2-y8-thumbs-small-thumbnails-001/140754/small.gif
School Bus,"52,171 plays",87%,https://img-hws.y8.com/cloud/v2-y8-thumbs-small-thumbnails-001/140863/small.gif
Among Cars,"185,817 plays",84%,https://img-hws.y8.com/cloud/v2-y8-thumbs-small-thumbnails-001/145274/small.gif
Castle Defender Saga,"83,537 plays",85%,https://img-hws.y8.com/cloud/v2-y8-thumbs-small-thumbnails-001/144542/small.gif
Slide in the Woods,"120,275 plays",80%,https://img-hws.y8.com/cloud/v2-y8-thumbs-small-thumbnails-001/144776/small.gif
Downhill Chill,"94,038 plays",77%,https://img-hws.y8.com/cloud/v2-y8-thumbs-small-thumbnails-001/145595/small.gif
K Challenge 456,"24,008 plays",80%,https://img-hws.y8.com/cloud/v2-y8-thumbs-small-thumbnails-001/146290/small.gif
Squid Sniper,"560,616 plays",74%,https://img-hws.y8.com/cloud/v2-y8-thumbs-small-thumbnails-001/147641/small.gif
Pico Vs Bear DX,"1,997 plays",82%,https://img-hws.y8.com/cloud/v2-y8-thumbs-small-thumbnails-001/146541/small.gif
Time Shooter 2,"36,463 plays",91%,https://img-hws.y8.com/cloud/v2-y8-thumbs-small-thumbnails-001/146460/small.gif
Squid Game 2,"7,422 plays",72%,https://img-hws.y8.com/cloud/v2-y8-thumbs-small-thumbnails-001/147092/small.gif
Extreme 3D Realistic Car,"10,078 plays",89%,https://img-hws.y8.com/cloud/v2-y8-thumbs-small-thumbnails-001/147185/small.gif
Giddy Birds,"1,724 plays",67%,https://img-hws.y8.com/cloud/v2-y8-thumbs-small-thumbnails-001/147406/small.gif
Rolling City,"3,035,074 plays",77%,https://img-hws.y8.com/cloud/v2-y8-thumbs-small-thumbnails-001/122295/small.gif
Om Nom Run,"168,614 plays",81%,https://img-hws.y8.com/cloud/v2-y8-thumbs-small-thumbnails-001/139531/small.gif
Little Cupcake Maker,"1,660,295 plays",79%,https://img-hws.y8.com/cloud/y8-thumbs/97949/small.gif
Rescue Six,"5,049,423 plays",74%,https://img-hws.y8.com/cloud/y8-thumbs-small-thumbnails-001/109761/small.gif
Impossible Bike Stunt 3D,"10,817,482 plays",78%,https://img-hws.y8.com/cloud/v2-y8-thumbs-small-thumbnails-001/112647/small.gif
Forest Invasion,"2,030,255 plays",76%,https://img-hws.y8.com/cloud/v2-y8-thumbs-small-thumbnails-001/114351/small.gif
Monoa City Parking,"73,943 plays",84%,https://img-hws.y8.com/cloud/v2-y8-thumbs-small-thumbnails-001/115604/small.gif
Orbit Hops,"2,100 plays",80%,https://img-hws.y8.com/cloud/v2-y8-thumbs-small-thumbnails-001/115839/small.gif
Stock Car Hero,"2,611,885 plays",77%,https://img-hws.y8.com/cloud/v2-y8-thumbs-small-thumbnails-001/119991/small.gif
Shorties's Kingdom 3,"172,508 plays",91%,https://img-hws.y8.com/cloud/v2-y8-thumbs-small-thumbnails-001/125753/small.gif
Commando,"43,380 plays",88%,https://img-hws.y8.com/cloud/v2-y8-thumbs-small-thumbnails-001/127122/small.gif
Pool: 8 Ball Mania,"159,965 plays",65%,https://img-hws.y8.com/cloud/v2-y8-thumbs-small-thumbnails-001/132566/small.gif
Zombia,"9,459 plays",67%,https://img-hws.y8.com/cloud/v2-y8-thumbs-small-thumbnails-001/132722/small.gif
Let's Catch,"30,937 plays",86%,https://img-hws.y8.com/cloud/v2-y8-thumbs-small-thumbnails-001/135471/small.gif
Centi Blocks,"35,039 plays",80%,https://img-hws.y8.com/cloud/v2-y8-thumbs-small-thumbnails-001/136745/small.gif
Match Candy,"4,987 plays",80%,https://img-hws.y8.com/cloud/v2-y8-thumbs-small-thumbnails-001/141328/small.gif
Insta Girls Gala Prep,"92,216 plays",85%,https://img-hws.y8.com/cloud/v2-y8-thumbs-small-thumbnails-001/142082/small.gif
Magic Day of Knowledge,"17,550 plays",97%,https://img-hws.y8.com/cloud/v2-y8-thumbs-small-thumbnails-001/143866/small.gif
Hero 2: Super Kick,"372,898 plays",82%,https://img-hws.y8.com/cloud/v2-y8-thumbs-small-thumbnails-001/143879/small.gif
FNF Vs Gardevoir,"48,409 plays",73%,https://img-hws.y8.com/cloud/v2-y8-thumbs-small-thumbnails-001/144018/small.gif
Arrow Challenge,"1,868,041 plays",65%,https://img-hws.y8.com/cloud/v2-y8-thumbs-small-thumbnails-001/144701/small.gif
Squid Game 2D,"148,144 plays",59%,https://img-hws.y8.com/cloud/v2-y8-thumbs-small-thumbnails-001/144937/small.gif
Parkours Edge,"66,879 plays",67%,https://img-hws.y8.com/cloud/v2-y8-thumbs-small-thumbnails-001/145366/small.gif
McLaren GT3 Puzzle,"2,352 plays",86%,https://img-hws.y8.com/cloud/v2-y8-thumbs-small-thumbnails-001/145463/small.gif
Smashers io,"1,439 plays",67%,https://img-hws.y8.com/cloud/v2-y8-thumbs-small-thumbnails-001/145573/small.gif
Tiny Clash,"33,146 plays",88%,https://img-hws.y8.com/cloud/v2-y8-thumbs-small-thumbnails-001/145698/small.gif
Parkour: Climb and Jump,"94,738 plays",84%,https://img-hws.y8.com/cloud/v2-y8-thumbs-small-thumbnails-001/145678/small.gif
Drift Hunters,"71,437 plays",83%,https://img-hws.y8.com/cloud/v2-y8-thumbs-small-thumbnails-001/146728/small.gif
Wonderful High Heels,"5,795 plays",86%,https://img-hws.y8.com/cloud/v2-y8-thumbs-small-thumbnails-001/147202/small.gif
M.C Escher,"5,391 plays",61%,https://img-hws.y8.com/cloud/v2-y8-thumbs-small-thumbnails-001/147292/small.gif
Stick Duel: Revenge,"4,011 plays",86%,https://img-hws.y8.com/cloud/v2-y8-thumbs-small-thumbnails-001/148670/small.gif
Worm Slither,52 plays,80%,https://img-hws.y8.com/cloud/v2-y8-thumbs-small-thumbnails-001/148962/small.gif
Bomb It,"22,322,214 plays",87%,https://img-hws.y8.com/cloud/y8-thumbs/1356/small.jpg
Kogama Battle,"69,145 plays",87%,https://img-hws.y8.com/cloud/v2-y8-thumbs-small-thumbnails-001/140703/small.gif
Epic War 2,"462,341 plays",85%,https://img-hws.y8.com/cloud/y8-thumbs/23811/small.jpg
Undead Extinction,"46,071 plays",89%,https://img-hws.y8.com/cloud/y8-thumbs/96881/small.gif
The Zombie Drive,"13,729 plays",53%,https://img-hws.y8.com/cloud/y8-thumbs/98573/small.gif
Yellow Flappy,"13,059 plays",86%,https://img-hws.y8.com/cloud/y8-thumbs/103172/small.gif
Pizza Party,"2,729,270 plays",72%,https://img-hws.y8.com/cloud/y8-thumbs/104282/small.gif
Rooftop Snipers,"10,425,959 plays",81%,https://img-hws.y8.com/cloud/y8-thumbs-small-thumbnails-001/106204/small.gif
Adam and Eve: Golf,"101,130 plays",85%,https://img-hws.y8.com/cloud/v2-y8-thumbs-small-thumbnails-001/114882/small.gif
Fruit Crush Frenzy,"134,592 plays",79%,https://img-hws.y8.com/cloud/v2-y8-thumbs-small-thumbnails-001/115168/small.gif
WFK18: World Football Kick,"176,800 plays",78%,https://img-hws.y8.com/cloud/v2-y8-thumbs-small-thumbnails-001/115425/small.gif
Cat Simulator: Kitty Craft!,"1,083,974 plays",89%,https://img-hws.y8.com/cloud/v2-y8-thumbs-small-thumbnails-001/118777/small.gif
Moto Traffic,"264,141 plays",78%,https://img-hws.y8.com/cloud/v2-y8-thumbs-small-thumbnails-001/119146/small.gif
Moto X3M Pool Party,"4,118,787 plays",82%,https://img-hws.y8.com/cloud/v2-y8-thumbs-small-thumbnails-001/119739/small.gif
Princesses Flower Nails Art,"147,808 plays",79%,https://img-hws.y8.com/cloud/v2-y8-thumbs-small-thumbnails-001/120260/small.gif
Fishing,"23,445 plays",76%,https://img-hws.y8.com/cloud/v2-y8-thumbs-small-thumbnails-001/120610/small.gif
Sandspiel,"340,307 plays",84%,https://img-hws.y8.com/cloud/v2-y8-thumbs-small-thumbnails-001/120621/small.gif
Checkers Classic,"92,341 plays",66%,https://img-hws.y8.com/cloud/v2-y8-thumbs-small-thumbnails-001/122870/small.gif
Tornado io,"1,056,068 plays",78%,https://img-hws.y8.com/cloud/v2-y8-thumbs-small-thumbnails-001/125109/small.gif
Zombie Gems,"8,643 plays",69%,https://img-hws.y8.com/cloud/v2-y8-thumbs-small-thumbnails-001/125569/small.gif
Minecraft Survival,"1,386,401 plays",77%,https://img-hws.y8.com/cloud/v2-y8-thumbs-small-thumbnails-001/125368/small.gif
3D Billiard 8 Ball Pool,"1,045,858 plays",61%,https://img-hws.y8.com/cloud/v2-y8-thumbs-small-thumbnails-001/127087/small.gif
Meme Miner,"186,808 plays",80%,https://img-hws.y8.com/cloud/v2-y8-thumbs-small-thumbnails-001/129373/small.gif
Tiny Fishing,"122,986 plays",90%,https://img-hws.y8.com/cloud/v2-y8-thumbs-small-thumbnails-001/133852/small.gif
Zombie Madness,"16,551 plays",69%,https://img-hws.y8.com/cloud/v2-y8-thumbs-small-thumbnails-001/137029/small.gif
Zombie Royale io,"51,113 plays",80%,https://img-hws.y8.com/cloud/v2-y8-thumbs-small-thumbnails-001/142652/small.gif
Checkers,"70,948 plays",66%,https://img-hws.y8.com/cloud/v2-y8-thumbs-small-thumbnails-001/141560/small.gif
Fight Arena Online,"148,722 plays",86%,https://img-hws.y8.com/cloud/v2-y8-thumbs-small-thumbnails-001/141870/small.gif
Carrom Clash,"43,942 plays",79%,https://img-hws.y8.com/cloud/v2-y8-thumbs-small-thumbnails-001/142281/small.gif
Baby Cathy Ep20: Ear Problem,"227,060 plays",76%,https://img-hws.y8.com/cloud/v2-y8-thumbs-small-thumbnails-001/143113/small.gif
One Card Game,"17,188 plays",58%,https://img-hws.y8.com/cloud/v2-y8-thumbs-small-thumbnails-001/143314/small.gif
Bugatti Centodieci Puzzle,"3,244 plays",75%,https://img-hws.y8.com/cloud/v2-y8-thumbs-small-thumbnails-001/144867/small.gif
Perfect Slices Master,"788,819 plays",63%,https://img-hws.y8.com/cloud/v2-y8-thumbs-small-thumbnails-001/145131/small.gif
Run Rich 3D,"666,413 plays",71%,https://img-hws.y8.com/cloud/v2-y8-thumbs-small-thumbnails-001/145355/small.gif
Hero 2: Katana,"268,247 plays",88%,https://img-hws.y8.com/cloud/v2-y8-thumbs-small-thumbnails-001/145399/small.gif
Parkour Block Xmas Special,"186,555 plays",63%,https://img-hws.y8.com/cloud/v2-y8-thumbs-small-thumbnails-001/145726/small.gif
City War 3D,"44,830 plays",85%,https://img-hws.y8.com/cloud/v2-y8-thumbs-small-thumbnails-001/146063/small.gif
Amazing Anime Puzzle,"6,877 plays",83%,https://img-hws.y8.com/cloud/v2-y8-thumbs-small-thumbnails-001/146620/small.gif
Princess Endodontist Care,"17,195 plays",77%,https://img-hws.y8.com/cloud/v2-y8-thumbs-small-thumbnails-001/146812/small.gif
Fire Trucks Differences,"3,837 plays",87%,https://img-hws.y8.com/cloud/v2-y8-thumbs-small-thumbnails-001/146996/small.gif
Kawaii Among Us,"21,631 plays",73%,https://img-hws.y8.com/cloud/v2-y8-thumbs-small-thumbnails-001/147804/small.gif
Golfing Island,"2,556 plays",88%,https://img-hws.y8.com/cloud/v2-y8-thumbs-small-thumbnails-001/147178/small.gif
Tanks: PVP Showdown,"32,684 plays",76%,https://img-hws.y8.com/cloud/v2-y8-thumbs-small-thumbnails-001/148472/small.gif
Apocalypse Dog,"1,523 plays",67%,https://img-hws.y8.com/cloud/v2-y8-thumbs-small-thumbnails-001/148012/small.gif
Parkour Maps 3D,"4,660 plays",72%,https://img-hws.y8.com/cloud/v2-y8-thumbs-small-thumbnails-001/148166/small.gif
Blocky Driver Cars Demolition,210 plays,82%,https://img-hws.y8.com/cloud/v2-y8-thumbs-small-thumbnails-001/148622/small.gif
Goal Keeper Challenge,"5,455,966 plays",68%,https://img-hws.y8.com/cloud/y8-thumbs-small-thumbnails-001/108941/small.gif
Bomb It 4,"23,394,411 plays",88%,https://img-hws.y8.com/cloud/y8-thumbs/30945/small.jpg
Plinga Family Barn,"8,818,157 plays",86%,https://img-hws.y8.com/cloud/y8-thumbs/43510/small.png
My Dear Boss,"366,203 plays",92%,https://img-hws.y8.com/cloud/y8-thumbs/57244/small.gif
Lethal Race,"12,265,780 plays",86%,https://img-hws.y8.com/cloud/y8-thumbs/79626/small.gif
Baby Aliza's Daycare,"210,684 plays",86%,https://img-hws.y8.com/cloud/y8-thumbs/95150/small.gif
Noughts and Crosses Girls,"645,856 plays",71%,https://img-hws.y8.com/cloud/y8-thumbs/97104/small.gif
Make a Car Simulator,"2,590,033 plays",81%,https://img-hws.y8.com/cloud/y8-thumbs/100550/small.gif
Princess Castle Wardrobe,"1,600,133 plays",76%,https://img-hws.y8.com/cloud/y8-thumbs/101314/small.gif
Ultimate Swish Mobile,"284,505 plays",68%,https://img-hws.y8.com/cloud/y8-thumbs-small-thumbnails-001/107216/small.gif
Foosball,"2,485,933 plays",74%,https://img-hws.y8.com/cloud/y8-thumbs-small-thumbnails-001/108890/small.gif
Bumper vs Zombies,"19,064 plays",89%,https://img-hws.y8.com/cloud/v2-y8-thumbs-small-thumbnails-001/114773/small.gif
Gunblood Remastered,"422,965 plays",83%,https://img-hws.y8.com/cloud/v2-y8-thumbs-small-thumbnails-001/115075/small.gif
Stickman Fighter: Epic Battles,"90,696 plays",76%,https://img-hws.y8.com/cloud/v2-y8-thumbs-small-thumbnails-001/115178/small.gif
Protect Zone,"44,541 plays",68%,https://img-hws.y8.com/cloud/v2-y8-thumbs-small-thumbnails-001/115899/small.gif
Rise Up Up,"1,592,601 plays",71%,https://img-hws.y8.com/cloud/v2-y8-thumbs-small-thumbnails-001/118185/small.gif
Snow Battle io,"2,319,778 plays",83%,https://img-hws.y8.com/cloud/v2-y8-thumbs-small-thumbnails-001/121732/small.gif
Knife Rain,"51,504 plays",63%,https://img-hws.y8.com/cloud/v2-y8-thumbs-small-thumbnails-001/118841/small.gif
Tic Tac Toe Blackboard,"182,710 plays",69%,https://img-hws.y8.com/cloud/v2-y8-thumbs-small-thumbnails-001/123679/small.gif
Sniper Clash 3D,"14,434,533 plays",79%,https://img-hws.y8.com/cloud/v2-y8-thumbs-small-thumbnails-001/122386/small.gif
Asia Flags,"126,197 plays",78%,https://img-hws.y8.com/cloud/v2-y8-thumbs-small-thumbnails-001/124662/small.gif
Dumb Ways to Die,"8,003,191 plays",79%,https://img-hws.y8.com/cloud/v2-y8-thumbs-small-thumbnails-001/125630/small.gif
Snowheroes io,"151,563 plays",73%,https://img-hws.y8.com/cloud/v2-y8-thumbs-small-thumbnails-001/126804/small.gif
Sudoku,"52,450 plays",85%,https://img-hws.y8.com/cloud/v2-y8-thumbs-small-thumbnails-001/128632/small.gif
Draw Line,"27,903 plays",68%,https://img-hws.y8.com/cloud/v2-y8-thumbs-small-thumbnails-001/129456/small.gif
Reversi,"46,133 plays",64%,https://img-hws.y8.com/cloud/v2-y8-thumbs-small-thumbnails-001/130610/small.gif
Dexomon,"145,703 plays",75%,https://img-hws.y8.com/cloud/v2-y8-thumbs-small-thumbnails-001/134445/small.gif
Carrom 2 Player,"32,700 plays",67%,https://img-hws.y8.com/cloud/v2-y8-thumbs-small-thumbnails-001/134748/small.gif
Moba Simulator,"15,808 plays",76%,https://img-hws.y8.com/cloud/v2-y8-thumbs-small-thumbnails-001/136017/small.gif
Sweet Baby Girl Summer Fun,"302,627 plays",76%,https://img-hws.y8.com/cloud/v2-y8-thumbs-small-thumbnails-001/139225/small.gif
Insta Divas Party Night,"153,749 plays",83%,https://img-hws.y8.com/cloud/v2-y8-thumbs-small-thumbnails-001/140327/small.gif
Drunken Boxing 2,"1,000,053 plays",72%,https://img-hws.y8.com/cloud/v2-y8-thumbs-small-thumbnails-001/143552/small.gif
GT Drift Legend,"77,188 plays",83%,https://img-hws.y8.com/cloud/v2-y8-thumbs-small-thumbnails-001/143690/small.gif
Dr Panda School,"65,998 plays",92%,https://img-hws.y8.com/cloud/v2-y8-thumbs-small-thumbnails-001/144422/small.gif
Squid Game 3D,"2,063,586 plays",67%,https://img-hws.y8.com/cloud/v2-y8-thumbs-small-thumbnails-001/144679/small.gif
Squid Game Coloring,"17,261 plays",81%,https://img-hws.y8.com/cloud/v2-y8-thumbs-small-thumbnails-001/145168/small.gif
Zombie Shooter 2 3D,"48,089 plays",89%,https://img-hws.y8.com/cloud/v2-y8-thumbs-small-thumbnails-001/146004/small.gif
Pop Pop Fidget 3D,"47,314 plays",82%,https://img-hws.y8.com/cloud/v2-y8-thumbs-small-thumbnails-001/147057/small.gif
Uninvited Bridesmaids,"30,607 plays",77%,https://img-hws.y8.com/cloud/v2-y8-thumbs-small-thumbnails-001/147176/small.gif
Monsters Memory,"1,466 plays",93%,https://img-hws.y8.com/cloud/v2-y8-thumbs-small-thumbnails-001/147356/small.gif
Super Pongoal,"52,909 plays",72%,https://img-hws.y8.com/cloud/y8-thumbs-small-thumbnails-001/109080/small.gif
Connect 4,"3,353,043 plays",71%,https://img-hws.y8.com/cloud/y8-thumbs/107/small.gif
Bomb It 2,"14,712,152 plays",86%,https://img-hws.y8.com/cloud/y8-thumbs/10001/small.jpg
Bike Rider 2: Armageddon,"3,881,027 plays",75%,https://img-hws.y8.com/cloud/y8-thumbs-small-thumbnails-001/106185/small.gif
Speed Racer,"275,797 plays",67%,https://img-hws.y8.com/cloud/y8-thumbs-small-thumbnails-001/107922/small.gif
Fruit Pop,"15,327 plays",87%,https://img-hws.y8.com/cloud/v2-y8-thumbs-small-thumbnails-001/115015/small.gif
Christmas Pong,"8,382 plays",89%,https://img-hws.y8.com/cloud/v2-y8-thumbs-small-thumbnails-001/115524/small.gif
Plumber Game,"25,455 plays",91%,https://img-hws.y8.com/cloud/v2-y8-thumbs-small-thumbnails-001/115587/small.gif
Bike Trials: Junkyard 2,"155,741 plays",83%,https://img-hws.y8.com/cloud/v2-y8-thumbs-small-thumbnails-001/117087/small.gif
Ludo Legend,"679,251 plays",72%,https://img-hws.y8.com/cloud/v2-y8-thumbs-small-thumbnails-001/117428/small.gif
Single Winter Battle Royale,"155,209 plays",85%,https://img-hws.y8.com/cloud/v2-y8-thumbs-small-thumbnails-001/118100/small.gif
Granny Horror Village,"398,755 plays",77%,https://img-hws.y8.com/cloud/v2-y8-thumbs-small-thumbnails-001/124615/small.gif
Wheelie Bike 2,"200,044 plays",72%,https://img-hws.y8.com/cloud/v2-y8-thumbs-small-thumbnails-001/127877/small.gif
Snakes and Ladders,"183,558 plays",73%,https://img-hws.y8.com/cloud/v2-y8-thumbs-small-thumbnails-001/129518/small.gif
Mighty Party,"76,068 plays",91%,https://img-hws.y8.com/cloud/v2-y8-thumbs-small-thumbnails-001/132553/small.gif
COVID-19 Escape Puzzle,"17,702 plays",81%,https://img-hws.y8.com/cloud/v2-y8-thumbs-small-thumbnails-001/133594/small.gif
Extreme Offroad Cars 2,"358,850 plays",82%,https://img-hws.y8.com/cloud/v2-y8-thumbs-small-thumbnails-001/132753/small.gif
Master Chess Multiplayer,"424,586 plays",72%,https://img-hws.y8.com/cloud/v2-y8-thumbs-small-thumbnails-001/132784/small.gif
Archero,"135,182 plays",85%,https://img-hws.y8.com/cloud/v2-y8-thumbs-small-thumbnails-001/134710/small.gif
Lets be Cops 3D,"47,668 plays",82%,https://img-hws.y8.com/cloud/v2-y8-thumbs-small-thumbnails-001/139897/small.gif
Fishington io,"28,902 plays",84%,https://img-hws.y8.com/cloud/v2-y8-thumbs-small-thumbnails-001/140088/small.gif
Cycle Extreme,"62,128 plays",75%,https://img-hws.y8.com/cloud/v2-y8-thumbs-small-thumbnails-001/140520/small.gif
Extreme Offroad Cargo 4,"38,533 plays",81%,https://img-hws.y8.com/cloud/v2-y8-thumbs-small-thumbnails-001/142889/small.gif
Jetpack Joyride,"25,780 plays",83%,https://img-hws.y8.com/cloud/v2-y8-thumbs-small-thumbnails-001/143110/small.gif
Italian Cars Differences,"5,081 plays",80%,https://img-hws.y8.com/cloud/v2-y8-thumbs-small-thumbnails-001/146151/small.gif
Baby Hazel Leg Injury,"3,916 plays",77%,https://img-hws.y8.com/cloud/v2-y8-thumbs-small-thumbnails-001/146865/small.gif
Dotted Girl New Era,"3,944 plays",88%,https://img-hws.y8.com/cloud/v2-y8-thumbs-small-thumbnails-001/147426/small.gif
Hugie Wugie Runner,"1,160 plays",67%,https://img-hws.y8.com/cloud/v2-y8-thumbs-small-thumbnails-001/148144/small.gif
Noughts and Crosses Christmas,"1,895,283 plays",74%,https://img-hws.y8.com/cloud/y8-thumbs/95821/small.gif
Fish Rescue: Pull the Pin,"1,513,374 plays",69%,https://img-hws.y8.com/cloud/v2-y8-thumbs-small-thumbnails-001/141080/small.gif
Goodgame Empire,"3,663,193 plays",89%,https://img-hws.y8.com/cloud/y8-thumbs/67706/small.gif
Rise of the Zombies 2,"86,773 plays",85%,https://img-hws.y8.com/cloud/y8-thumbs/98967/small.gif
Battle for the Galaxy,"1,046,760 plays",92%,https://img-hws.y8.com/cloud/y8-thumbs-small-thumbnails-001/106172/small.gif
Bike Riders 3: Road Rage,"370,612 plays",73%,https://img-hws.y8.com/cloud/v2-y8-thumbs-small-thumbnails-001/113597/small.gif
Master Plane,"6,860 plays",91%,https://img-hws.y8.com/cloud/v2-y8-thumbs-small-thumbnails-001/114515/small.gif
Dinosaurs World Hidden Eggs 3,"55,281 plays",91%,https://img-hws.y8.com/cloud/v2-y8-thumbs-small-thumbnails-001/115415/small.gif
ROBOTIC Sports: Tennis,"661,927 plays",71%,https://img-hws.y8.com/cloud/v2-y8-thumbs-small-thumbnails-001/118721/small.gif
Happy Crayons,"3,944,245 plays",80%,https://img-hws.y8.com/cloud/v2-y8-thumbs-small-thumbnails-001/119600/small.gif
Super Wash,"226,056 plays",76%,https://img-hws.y8.com/cloud/v2-y8-thumbs-small-thumbnails-001/127062/small.gif
Big Bubble Pop,"109,910 plays",76%,https://img-hws.y8.com/cloud/v2-y8-thumbs-small-thumbnails-001/128445/small.gif
Racing Cars,"340,493 plays",79%,https://img-hws.y8.com/cloud/v2-y8-thumbs-small-thumbnails-001/129572/small.gif
Fashion Nail Salon,"810,822 plays",71%,https://img-hws.y8.com/cloud/v2-y8-thumbs-small-thumbnails-001/135079/small.gif
Idle Airline Tycoon,"60,159 plays",80%,https://img-hws.y8.com/cloud/v2-y8-thumbs-small-thumbnails-001/136340/small.gif
Get on Top Touch,"567,900 plays",65%,https://img-hws.y8.com/cloud/v2-y8-thumbs-small-thumbnails-001/137268/small.gif
Amazing Word Search,"127,482 plays",82%,https://img-hws.y8.com/cloud/v2-y8-thumbs-small-thumbnails-001/137286/small.gif
Bubble Shooter Classic,"121,502 plays",97%,https://img-hws.y8.com/cloud/v2-y8-thumbs-small-thumbnails-001/137605/small.gif
Stickman City Shooting,"135,336 plays",82%,https://img-hws.y8.com/cloud/v2-y8-thumbs-small-thumbnails-001/139731/small.gif
Noob Vs Zombi,"305,063 plays",70%,https://img-hws.y8.com/cloud/v2-y8-thumbs-small-thumbnails-001/142239/small.gif
Woodoku,"17,117 plays",83%,https://img-hws.y8.com/cloud/v2-y8-thumbs-small-thumbnails-001/142541/small.gif
Noob vs Zombie 2,"183,467 plays",73%,https://img-hws.y8.com/cloud/v2-y8-thumbs-small-thumbnails-001/143788/small.gif
Fields of Fury,"140,737 plays",79%,https://img-hws.y8.com/cloud/v2-y8-thumbs-small-thumbnails-001/146474/small.gif
Stick War: Infinity Duel,"175,980 plays",78%,https://img-hws.y8.com/cloud/v2-y8-thumbs-small-thumbnails-001/147466/small.gif
Mine Parkour,"27,308 plays",72%,https://img-hws.y8.com/cloud/v2-y8-thumbs-small-thumbnails-001/146826/small.gif
Horseshoeing,"57,051 plays",80%,https://img-hws.y8.com/cloud/v2-y8-thumbs-small-thumbnails-001/146817/small.gif
Shoot Bubbles: Bouncing Balls,"14,370 plays",92%,https://img-hws.y8.com/cloud/v2-y8-thumbs-small-thumbnails-001/147003/small.gif
